MovieName_001;Fall from Dreams
MovieName_002;Time to Wake Up
MovieName_003;How’d She Get In If No One’s Here Yet?
MovieName_004;A World Without Time
MovieName_005;Mirage Keepers?
MovieName_006;You Two Have Lost Everything
MovieName_007;You Going? You Going?
MovieName_008;UNUSED
MovieName_009;This Must Be Grymoire
MovieName_010;That Is the-Called a Chocochick
MovieName_011;Stacking or Slacking?
MovieName_012;Murkrift
MovieName_013;Where Fierce Foes Prowl
MovieName_014;Back from the Dead
MovieName_015;You Can Call Me Chocolatte
MovieName_016;Your Adorable Local Wind Pixie, AKA Serafie
MovieName_017;Me? I’m God
MovieName_018;UNUSED
MovieName_019;A Beautiful World
MovieName_020;The Train Whistle
MovieName_021;Tickets, Please!
MovieName_022;Something Right Out of a Fantasy
MovieName_023;Visitors from Another World
MovieName_024;The Cornelian Princess
MovieName_025;A Path Links Up
MovieName_026;UNUSED
MovieName_027;Guardians of the Nebula
MovieName_028;The Masked Woman
MovieName_029;UNUSED
MovieName_030;The Bahamutian Army Returns
MovieName_031;The Brigade Captain
MovieName_032;Warriors of Light
MovieName_033;He Wasn’t Human?
MovieName_034;A New Age of History
MovieName_035;UNUSED
MovieName_036;Where the Lost Are Found
MovieName_037;The Nebula Nitwits
MovieName_038;The Nebula Elder
MovieName_039;UNUSED
MovieName_040;The Search for the League Begins
MovieName_041;Begone Now from Grymoire!
MovieName_042;Lusse Farna
MovieName_043;Beyond Salvation
MovieName_044;UNUSED
MovieName_045;The Girl Who Forgot Her Name
MovieName_046;UNUSED
MovieName_047;The Jiant Guests
MovieName_048;Refia Joins the Party
MovieName_049;Dancing with Wolves
MovieName_050;UNUSED
MovieName_051;Snowy Saronia
MovieName_052;Let’s Talk to That Thane Guy
MovieName_053;No Entry!
MovieName_054;The Thane of Saronia
MovieName_055;An Imbecile Beyond Belief
MovieName_056;The Great Chain
MovieName_057;UNUSED
MovieName_058;UNUSED
MovieName_059;Anyone Renting a Boat?
MovieName_060;“Commodoring” a Ship
MovieName_061;Meet the Kupirates
MovieName_062;Scurvy Swabs!
MovieName_063;Obsessed with Destiny
MovieName_064;Get Your Own Ship!
MovieName_065;UNUSED
MovieName_066;The Lass in Glasses
MovieName_067;Bon Voyage!
MovieName_068;Literally Straight Down
MovieName_069;Arrival at the Low Seas
MovieName_070;Doing Exactly the Right Thing
MovieName_071;I’ll Be Your Fastcraft
MovieName_072;Real Actual People!
MovieName_073;UNUSED
MovieName_074;UNUSED
MovieName_075;The Rainbow Shore
MovieName_076;Lann! Shrink, Now!
MovieName_077;Final Heaven
MovieName_078;UNUSED
MovieName_079;UNUSED
MovieName_080;Nibelheim Reunion
MovieName_081;Two Prophecies
MovieName_082;Valley Seven
MovieName_083;I Can’t Take It!
MovieName_084;We’re Coming, Rydia!
MovieName_085;Blow It Out, Baby
MovieName_086;To Conquer Her Fears...
MovieName_087;Cough Up That Key!
MovieName_088;Just Like the Prophecy
MovieName_089;A Cosmic Flushing
MovieName_090;UNUSED
MovieName_091;Double Jelly Sandwich!
MovieName_092;Ribba-ribbit!
MovieName_093;Saving Snow’s Warts
MovieName_094;Flandemonium
MovieName_095;A Big, Big, BIG Nuisance
MovieName_096;UNUSED
MovieName_097;The Caravan
MovieName_098;The Sandworms’ Nest
MovieName_099;Are You Trying to Get Killed?
MovieName_100;A Night on the Sands
MovieName_101;The Desert Castle
MovieName_102;No Way to Treat a Lady
MovieName_103;UNUSED
MovieName_104;A Turn for the Worse
MovieName_105;The Underground Prison
MovieName_106;End of the Line
MovieName_107;Heaven Sent
MovieName_108;I’ll Hold These Clunkers Off
MovieName_109;UNUSED
MovieName_110;That Must Be the Agent
MovieName_111;Countertek
MovieName_112;No Time for Flattery
MovieName_113;The Black Mages
MovieName_114;The Reactor Activates
MovieName_115;Forward, Figaro!
MovieName_116;I Guess We’re Even...?
MovieName_117;UNUSED
MovieName_118;UNUSED
MovieName_119;Big Bridge’s Summoner
MovieName_120;This Should Be Excit-IIIIIING?!
MovieName_121;We Have to Do the Rest On Foot?
MovieName_122;I’ll Show You How It’s Done
MovieName_123;PU! The Worst of the Tama Puns
MovieName_124;I Have Awaited This Day...
MovieName_125;Good Day!
MovieName_126;UNUSED
MovieName_127;UNUSED
MovieName_128;Reynn’s Rampage
MovieName_129;It’s Awfully Dark...
MovieName_130;Library of Horrors
MovieName_131;Mirages, We Can Handle
MovieName_132;The Jiants from the Hills?
MovieName_133;Beyond Tometown
MovieName_134;Train Trauma
MovieName_135;Are You Okay, Reynn?
MovieName_136;Uh, Reynn...?
MovieName_137;Don’t Do Anything You’ll Regret
MovieName_138;Slash!
MovieName_139;UNUSED
MovieName_140;Terminal Station?
MovieName_141;The Underwater Express
MovieName_142;Grymoire’s Empyreum
MovieName_143;The Pantologist
MovieName_144;A Quick Meeting (and Quicker Defeating)
MovieName_145;Barrels of Fun?
MovieName_146;Tidus Leads the Way
MovieName_147;That’s a Quacho
MovieName_148;Arrival at the Sunken Temple
MovieName_149;Hey, We Can Walk!
MovieName_150;Die, Man-Thing!
MovieName_151;Eat Moogle Worms!
MovieName_152;The Titanic Tonberry
MovieName_153;That’s Key Number Four!
MovieName_154;A Sinister Hand
MovieName_155;What’s Happening Now?
MovieName_156;Two Worlds Joined Again
MovieName_157;UNUSED
MovieName_158;Brave the Crystal Tower
MovieName_159;You Must Not Go Any Further...
MovieName_160;A Plea to Turn Back
MovieName_161;The Quadrelemence Barrier
MovieName_162;Cut Me Some Slack, Sword!
MovieName_163;The Great Door Opens
MovieName_164;UNUSED
MovieName_165;A Brief Respite?
MovieName_166;Flashes of Memory
MovieName_167;The King of Bahamut
MovieName_168;The Ultima Gate
MovieName_169;Fragments of Memory
MovieName_170;Who Are You?
MovieName_171;Childhood Memories
MovieName_172;Save Lady Lusse!
MovieName_173;Opening the Ultima Gate
MovieName_174;The Crimson Prophecy Is Fulfilled
MovieName_175;The Cogna’s Arrival
MovieName_176;Nice Catch!
MovieName_177;This Is Balamb Garden
MovieName_178;A World in Chaos
MovieName_179;Not a Poetic Exaggeration
MovieName_180;You Already Know
MovieName_181;UNUSED
MovieName_182;Serafie’s Rumor Radar
MovieName_183;Better Than a Time Machine
MovieName_184;UNUSED
MovieName_185;The Five Cogna Lords: Figaro
MovieName_186;Maduin, Is That You?
MovieName_187;The Five Cogna Lords: Cornelia
MovieName_188;Lightning Is What I Have to Be
MovieName_189;Ramuh’s Granddaughter
MovieName_190;More Mayhem Than We Get Credit For
MovieName_191;The Lute of Ragnarok
MovieName_192;Did the Twins Help Me?
MovieName_193;The Five Cogna Lords: Nibelheim
MovieName_194;Whew... We Did It!
MovieName_195;The Five Cogna Lords: Tometown
MovieName_196;Speaking of Mirage Trains...
MovieName_197;The Conductor Is Outzipped
MovieName_198;Cogna Cargo
MovieName_199;I’m Done with Groups like That
MovieName_200;The Five Cogna Lords: Besaid
MovieName_201;Knock That Fly Out of the Sky
MovieName_202;Inspiration for a New Incantation
MovieName_203;UNUSED
MovieName_204;We’ve Located Their Stronghold
MovieName_205;The Architects’ Fate
MovieName_206;Reynn? Tama? They Vanished!
MovieName_207;This Is Castle Exnine
MovieName_208;Tama Is Invalidated
MovieName_209;The Story Needs No Postscript
MovieName_210;Turn Those Corners Up
MovieName_211;Promise That You’ll Forgive Them
MovieName_212;It’s All My Fault
MovieName_213;The End?
MovieName_214;UNUSED
MovieName_215;A New Timeline
MovieName_216;I Can’t Waste It
MovieName_217;The Twins and Hauyn Reconcile
MovieName_218;UNUSED
MovieName_219;Vestiges of Life
MovieName_220;It’s Worth a Shot
MovieName_221;Another Twist of Destiny
MovieName_222;The Kyubi’s Lair
MovieName_223;Why Do I Loathe It?
MovieName_224;The Black Fox’s Souls
MovieName_225;You’re a Good Friend
MovieName_226;Summoners vs. Mirage Keepers
MovieName_227;The Demon Dyad Revealed
MovieName_228;Lann and Reynn Take Their Servant Back
MovieName_229;When the Past Still Haunts
MovieName_230;Blast! I Can’t Fight Here
MovieName_231;My Job Is to See You Punished
MovieName_232;Boss Me Around like You Used To
MovieName_233;Avenging Their Ancestors
MovieName_234;Not in a Thousand Years!
MovieName_235;Now Hush, Until They’re Gone
MovieName_236;Two Masters of the Blade
MovieName_237;This Wound Shall Stand as Proof
MovieName_238;UNUSED
MovieName_239;The Time Has Come!
MovieName_240;Let’s Do This!
MovieName_241;Between Family
MovieName_242;All I Ever Wanted Was to Be Like You
MovieName_243;The Words He Needed to Hear
MovieName_244;Stay Back! It’s Still...
MovieName_245;Don’t Let Your Happiness Spill Out
MovieName_246;We’ll Stop Him!
MovieName_247;Surpassing Their Limits
MovieName_248;We’ll See You Around!
MovieName_249;You Can Rest Now
MovieName_250;Every Corner Turned
MovieName_251;I Nearly Forgot Your Reward
MovieName_252;UNUSED
MovieName_253;This Part of Me Has Stirred Before
MovieName_254;Far More Tired Than I Thought
MovieName_255;Where Art Thou, Smoochy–Poo?
MovieName_256;I Love Thrilling Adventures
MovieName_257;The Place We Heard About
MovieName_258;Never Cross the Boss
MovieName_259;Another Traveler “Goes Green”
MovieName_260;A Grudge That Won’t Budge
MovieName_261;Too Small-time?
MovieName_262;The Ice Bridge
MovieName_263;Underdog Day
MovieName_264;That’s What I Call a Challenge!
MovieName_265;Treasure Island, Ahoy!
MovieName_266;That Freaked Me Out
MovieName_267;Help Me Out Here!
MovieName_268;I Hate Lightning!
MovieName_269;Thanks a Bunch!
MovieName_270;Trouble in the Coliseum
MovieName_271;Old Friends
MovieName_272;One Dashing Duo
MovieName_273;A Friendship Forged in Figaro
MovieName_274;Captain. Captain? Captain!
MovieName_275;The Captain Comes Around
MovieName_276;Treasure Hunting Team
MovieName_277;Ifrit Meets His Match
MovieName_278;The Black Chocobo
MovieName_279;Choco-boco-lina?
MovieName_280;Listen When People Talk to You!
MovieName_281;Crisscrossed Monologues
MovieName_282;The Sunken Temple’s Secret
MovieName_283;How’d She Find Out?!
MovieName_284;Anything for Lann
MovieName_285;Not Totally Benevolent
MovieName_286;The Eye of the Desert
MovieName_287;If It’ll Win Me Points with the Ladies...
MovieName_288;No One’s Tools
MovieName_289;You’ve Come a Long Way, Vivi
MovieName_290;Enter the Mecha Chocobo
MovieName_291;Chocolatte’s Master
MovieName_292;Are You the Mirage Calling Us?
MovieName_293;Chosen by the Tribe
MovieName_294;A Freak of Nature?
MovieName_295;Sure Enough...
MovieName_296;Steel That Forges Destinies
MovieName_297;Help Will Come When We Earn It
MovieName_298;A World of Sacrifice
MovieName_299;Proving She Can Endure
MovieName_300;There’s Always a Better Choice
MovieName_301;I’ll Take Those Souls Off Your Hands
MovieName_302;An Ongoing Project...
MovieName_303;Is This What My Life Is?
MovieName_304;A Flowery Future
MovieName_305;It’s Not Like Anyone’s Keeping Score
MovieName_306;Whistle Fail
MovieName_307;Did You Just Add a Digit?
MovieName_308;A Tough Nut to Crack
MovieName_309;For Friends or Vengeance
MovieName_310;What Cloud Cherishes
MovieName_311;Investigating the Garden
MovieName_312;Sleep On, Eden
MovieName_313;Ultros’s Retirement Home
MovieName_314;Operation Opera
MovieName_315;O My Letdown...
MovieName_316;I Shall Rule On High!
MovieName_317;Cold, Hard Justice
MovieName_318;You Mentioned a Butt to Kick?
MovieName_319;Don’t Call Me “Sis”
MovieName_320;A Bridge’s Woes
MovieName_321;He’s Telling Me to Thank You
MovieName_322;UNUSED
MovieName_323;Bonus Movie: To Grymoire!
