trial_02_0000;NOT USED
trial_02_0001;NOT USED
trial_02_0002;NOT USED
trial_02_0003;NOT USED
trial_02_0004;NOT USED
trial_02_0005;NOT USED
trial_02_0006;NOT USED
trial_02_0007;NOT USED
trial_02_0008;NOT USED
trial_02_0009;NOT USED
trial_02_0010;NOT USED
trial_02_0011;NOT USED
trial_02_0012;NOT USED
trial_02_0013;NOT USED
trial_02_0014;NOT USED
trial_02_0015;NOT USED
trial_02_0016;NOT USED
trial_02_0017;NOT USED
trial_02_0018;NOT USED
trial_02_0019;NOT USED
trial_02_0020;NOT USED
trial_02_0021;NOT USED
trial_02_0022;NOT USED
